timestamp,temperature,humidity,condition
2026-05-25 00:00:00,25.0,73,晴
2026-05-25 01:00:00,28.0,41,Clear
2026-05-25 02:00:00,27.7,59,晴
2026-05-25 03:00:00,28.0,75,Sunny
2026-05-25 04:00:00,29.3,73,Clear
2026-05-25 05:00:00,29.7,57,晴
2026-05-25 06:00:00,29.4,56,Moderate rain
2026-05-25 07:00:00,31.0,41,Sunny
2026-05-25 08:00:00,31.2,62,Clear
2026-05-25 09:00:00,30.5,69,Clear
2026-05-25 10:00:00,32.0,55,晴
2026-05-25 11:00:00,31.6,63,Clear
2026-05-25 12:00:00,33.4,56,Light rain
2026-05-25 13:00:00,32.5,48,Sunny
2026-05-25 14:00:00,35.1,52,晴
2026-05-25 15:00:00,32.0,61,Clear
2026-05-25 16:00:00,32.3,66,Cloudy
2026-05-25 17:00:00,30.8,50,Sunny
2026-05-25 18:00:00,31.0,57,Sunny
2026-05-25 19:00:00,29.6,64,晴
2026-05-25 20:00:00,29.9,55,中雨
2026-05-25 21:00:00,27.5,65,Clear
2026-05-25 22:00:00,27.9,41,Sunny
2026-05-25 23:00:00,25.8,35,多云
2026-05-26 00:00:00,27.4,70,Clear
2026-05-26 01:00:00,27.7,66,小雨
2026-05-26 02:00:00,27.4,65,晴
2026-05-26 03:00:00,27.0,65,小雨
2026-05-26 04:00:00,28.0,39,晴
2026-05-26 05:00:00,27.8,71,阴
2026-05-26 06:00:00,28.3,61,晴
2026-05-26 07:00:00,30.8,59,Clear
2026-05-26 08:00:00,32.0,54,多云
2026-05-26 09:00:00,32.5,48,晴
2026-05-26 10:00:00,30.7,46,Overcast
2026-05-26 11:00:00,32.1,73,Cloudy
2026-05-26 12:00:00,33.5,64,中雨
2026-05-26 13:00:00,34.7,75,晴
2026-05-26 14:00:00,33.8,69,Cloudy
2026-05-26 15:00:00,34.2,39,Light rain
2026-05-26 16:00:00,32.7,71,Sunny
2026-05-26 17:00:00,32.2,60,Sunny
2026-05-26 18:00:00,30.6,73,Moderate rain
2026-05-26 19:00:00,30.7,73,多云
2026-05-26 20:00:00,30.7,52,晴
2026-05-26 21:00:00,28.3,63,Overcast
2026-05-26 22:00:00,28.0,66,Sunny
2026-05-26 23:00:00,26.3,41,Clear
2026-05-27 00:00:00,26.0,60,Sunny
2026-05-27 01:00:00,25.3,51,Sunny
2026-05-27 02:00:00,28.2,35,Sunny
2026-05-27 03:00:00,26.4,68,Clear
2026-05-27 04:00:00,28.1,38,Sunny
2026-05-27 05:00:00,28.7,66,Clear
2026-05-27 06:00:00,30.3,45,Overcast
2026-05-27 07:00:00,28.8,42,阴
2026-05-27 08:00:00,30.6,53,Sunny
2026-05-27 09:00:00,32.6,50,阴
2026-05-27 10:00:00,33.0,67,多云
2026-05-27 11:00:00,31.6,61,Sunny
2026-05-27 12:00:00,33.8,53,Clear
2026-05-27 13:00:00,34.9,66,Sunny
2026-05-27 14:00:00,33.5,70,Sunny
2026-05-27 15:00:00,34.3,50,Overcast
2026-05-27 16:00:00,31.0,65,Sunny
2026-05-27 17:00:00,33.1,44,Cloudy
2026-05-27 18:00:00,31.9,63,Moderate rain
2026-05-27 19:00:00,28.5,44,晴
2026-05-27 20:00:00,27.9,51,Clear
2026-05-27 21:00:00,27.1,56,Sunny
2026-05-27 22:00:00,29.0,75,Clear
2026-05-27 23:00:00,25.4,39,Sunny
2026-05-28 00:00:00,27.5,40,多云
2026-05-28 01:00:00,26.4,54,多云
2026-05-28 02:00:00,26.5,58,Overcast
2026-05-28 03:00:00,27.9,46,Overcast
2026-05-28 04:00:00,28.6,50,晴
2026-05-28 05:00:00,28.7,51,Sunny
2026-05-28 06:00:00,30.6,69,Sunny
2026-05-28 07:00:00,31.5,54,Sunny
2026-05-28 08:00:00,30.4,54,Sunny
2026-05-28 09:00:00,30.0,59,Clear
2026-05-28 10:00:00,31.1,60,Clear
2026-05-28 11:00:00,33.1,38,Sunny
2026-05-28 12:00:00,33.7,49,Clear
2026-05-28 13:00:00,32.5,51,Clear
2026-05-28 14:00:00,34.5,43,Clear
2026-05-28 15:00:00,31.8,63,Light rain
2026-05-28 16:00:00,33.1,40,Sunny
2026-05-28 17:00:00,30.6,43,Sunny
2026-05-28 18:00:00,30.9,52,Sunny
2026-05-28 19:00:00,31.4,53,晴
2026-05-28 20:00:00,29.1,39,Clear
2026-05-28 21:00:00,29.1,60,Sunny
2026-05-28 22:00:00,26.4,60,小雨
2026-05-28 23:00:00,26.7,51,Sunny
2026-05-29 00:00:00,24.8,49,Clear
2026-05-29 01:00:00,26.1,74,Overcast
2026-05-29 02:00:00,28.4,54,多云
2026-05-29 03:00:00,29.1,54,阴
2026-05-29 04:00:00,29.4,43,Clear
2026-05-29 05:00:00,29.4,69,晴
2026-05-29 06:00:00,30.6,41,Sunny
2026-05-29 07:00:00,28.6,58,晴
2026-05-29 08:00:00,31.6,41,Clear
2026-05-29 09:00:00,30.7,60,Sunny
2026-05-29 10:00:00,30.5,48,晴
2026-05-29 11:00:00,30.9,56,阴
2026-05-29 12:00:00,31.6,70,阴
2026-05-29 13:00:00,32.9,44,Sunny
2026-05-29 14:00:00,35.1,44,晴
2026-05-29 15:00:00,32.0,36,晴
2026-05-29 16:00:00,32.7,36,Overcast
2026-05-29 17:00:00,31.7,39,Clear
2026-05-29 18:00:00,31.1,63,晴
2026-05-29 19:00:00,30.7,68,晴
2026-05-29 20:00:00,27.9,65,晴
2026-05-29 21:00:00,28.4,63,小雨
2026-05-29 22:00:00,27.1,44,Light rain
2026-05-29 23:00:00,27.2,72,Clear
2026-05-30 15:17:54,27.0,37,Cloudy 
